{"cameraMode":{"drawMode":0,"name":"Shaded","section":"Shading Mode"},"sceneLighting":true,"audioPlay":false,"sceneViewState":{"m_AlwaysRefresh":false,"showFog":true,"showSkybox":true,"showFlares":true,"showImageEffects":true,"showParticleSystems":true,"showVisualEffectGraphs":true,"m_FxEnabled":true},"in2DMode":false,"pivot":{"x":3.4548895359039308,"y":0.19373106956481934,"z":-3.7109274864196779},"rotation":{"x":-0.010937024839222432,"y":0.9751875400543213,"z":-0.21551236510276795,"w":-0.049487896263599399},"size":2.8803887367248537,"orthographic":false}