{"cameraMode":{"drawMode":0,"name":"Shaded","section":"Shading Mode"},"sceneLighting":true,"audioPlay":false,"sceneViewState":{"m_AlwaysRefresh":false,"showFog":true,"showSkybox":true,"showFlares":true,"showImageEffects":true,"showParticleSystems":true,"showVisualEffectGraphs":true,"m_FxEnabled":true},"in2DMode":false,"pivot":{"x":-0.2553669214248657,"y":0.6694252490997315,"z":-2.108184337615967},"rotation":{"x":0.05384213849902153,"y":-0.8968753218650818,"z":0.11388994008302689,"w":0.4239933490753174},"size":0.9290902018547058,"orthographic":false}