{"cameraMode":{"drawMode":0,"name":"Shaded","section":"Shading Mode"},"sceneLighting":true,"audioPlay":false,"sceneViewState":{"m_AlwaysRefresh":false,"showFog":true,"showSkybox":true,"showFlares":true,"showImageEffects":true,"showParticleSystems":true,"showVisualEffectGraphs":true,"m_FxEnabled":true},"in2DMode":false,"pivot":{"x":-0.21251273155212403,"y":0.22610366344451905,"z":-1.9800403118133546},"rotation":{"x":0.05384213849902153,"y":-0.8968753218650818,"z":0.11388994008302689,"w":0.4239933490753174},"size":11.05924129486084,"orthographic":false}